K MEANS ENTROPY,K MEANS PURITY,K MEANS SSE,DBSCAN ENTROPY,DBSCAN PURITY,DBSCAN SSE
2.1088710170542915,0.35079726651480636,481.76663381760636,2.1158060620836845,0.3530751708428246,35.0288809799615
